dataset,threshold,focal_model,baseline_model,metric,n_pools,mean_focal,mean_baseline,mean_improvement_delta,median_improvement_delta,pct_pools_improved,pct_pools_tied,pct_pools_worse,mean_positive_rate,median_candidates,ci95_low,ci95_high
robin_molperturbation,20,rnasmol,global_knn25,aupr,27,0.9684745938277688,0.9452038507970056,0.0232707430307629,0.0144462641792157,0.7777777777777778,0.0,0.2222222222222222,0.5050705785136246,49.0,0.0011534859507492,0.0460965473529453
robin_molperturbation,20,rnasmol,global_knn25,ef5,27,2.039863330735175,1.9767569449243865,0.0631063858107883,0.0,0.1111111111111111,0.8888888888888888,0.0,0.5050705785136246,49.0,0.0,0.139067585105321
robin_molperturbation,20,rnasmol,global_knn25,first_hit_rank,27,1.0,1.037037037037037,0.037037037037037,0.0,0.037037037037037,0.9629629629629628,0.0,0.5050705785136246,49.0,0.0,0.1111111111111111
robin_molperturbation,20,rnasmol,global_knn25,mrr,27,1.0,0.9814814814814816,0.0185185185185185,0.0,0.037037037037037,0.9629629629629628,0.0,0.5050705785136246,49.0,0.0,0.0555555555555555
robin_molperturbation,20,rnasmol,global_pos_nn,aupr,27,0.9684745938277688,0.9985149238446408,-0.0300403300168722,-0.0158917378800491,0.0,0.1111111111111111,0.925925925925926,0.5050705785136246,49.0,-0.0454811462205548,-0.0179661830377848
robin_molperturbation,20,rnasmol,global_pos_nn,ef5,27,2.039863330735175,2.039863330735175,0.0,0.0,0.0,1.0,0.0,0.5050705785136246,49.0,0.0,0.0
robin_molperturbation,20,rnasmol,global_pos_nn,first_hit_rank,27,1.0,1.0,0.0,0.0,0.0,1.0,0.0,0.5050705785136246,49.0,0.0,0.0
robin_molperturbation,20,rnasmol,global_pos_nn,mrr,27,1.0,1.0,0.0,0.0,0.0,1.0,0.0,0.5050705785136246,49.0,0.0,0.0
robin_molperturbation,20,rnasmol,rf_ecfp,aupr,27,0.9684745938277688,0.98295966885419,-0.0144850750264215,-0.0068642998761004,0.2592592592592592,0.074074074074074,0.6666666666666666,0.5050705785136246,49.0,-0.0287016984152977,-0.003446921523401
robin_molperturbation,20,rnasmol,rf_ecfp,ef5,27,2.039863330735175,2.039863330735175,0.0,0.0,0.0,1.0,0.0,0.5050705785136246,49.0,0.0,0.0
robin_molperturbation,20,rnasmol,rf_ecfp,first_hit_rank,27,1.0,1.0,0.0,0.0,0.0,1.0,0.0,0.5050705785136246,49.0,0.0,0.0
robin_molperturbation,20,rnasmol,rf_ecfp,mrr,27,1.0,1.0,0.0,0.0,0.0,1.0,0.0,0.5050705785136246,49.0,0.0,0.0
robin_molperturbation,20,rnasmol,xgboost_ecfp,aupr,27,0.9684745938277688,0.9768596379428496,-0.008385044115081,0.0013472028331025,0.5185185185185185,0.0,0.4814814814814814,0.5050705785136246,49.0,-0.0211820992584339,0.0026226180733688
robin_molperturbation,20,rnasmol,xgboost_ecfp,ef5,27,2.039863330735175,2.039863330735175,0.0,0.0,0.0,1.0,0.0,0.5050705785136246,49.0,0.0,0.0
robin_molperturbation,20,rnasmol,xgboost_ecfp,first_hit_rank,27,1.0,1.0,0.0,0.0,0.0,1.0,0.0,0.5050705785136246,49.0,0.0,0.0
robin_molperturbation,20,rnasmol,xgboost_ecfp,mrr,27,1.0,1.0,0.0,0.0,0.0,1.0,0.0,0.5050705785136246,49.0,0.0,0.0
robin_molperturbation,50,rnasmol,global_knn25,aupr,13,0.9838504852339992,0.9319468430183492,0.0519036422156498,0.0269791574834634,1.0,0.0,0.0,0.5162730547265574,72.0,0.0263857972880711,0.0827003781530417
robin_molperturbation,50,rnasmol,global_knn25,ef5,13,1.9628819539431488,1.831814844951512,0.1310671089916373,0.0,0.2307692307692307,0.7692307692307693,0.0,0.5162730547265574,72.0,0.0,0.2866979404243555
robin_molperturbation,50,rnasmol,global_knn25,first_hit_rank,13,1.0,1.0769230769230769,0.0769230769230769,0.0,0.0769230769230769,0.9230769230769232,0.0,0.5162730547265574,72.0,0.0,0.2307692307692307
robin_molperturbation,50,rnasmol,global_knn25,mrr,13,1.0,0.9615384615384616,0.0384615384615384,0.0,0.0769230769230769,0.9230769230769232,0.0,0.5162730547265574,72.0,0.0,0.1153846153846153
robin_molperturbation,50,rnasmol,global_pos_nn,aupr,13,0.9838504852339992,0.9994131135594488,-0.0155626283254497,-0.014291231503134,0.0,0.0769230769230769,0.9230769230769232,0.5162730547265574,72.0,-0.0223126020319943,-0.0096930296828052
robin_molperturbation,50,rnasmol,global_pos_nn,ef5,13,1.9628819539431488,1.9628819539431488,0.0,0.0,0.0,1.0,0.0,0.5162730547265574,72.0,0.0,0.0
robin_molperturbation,50,rnasmol,global_pos_nn,first_hit_rank,13,1.0,1.0,0.0,0.0,0.0,1.0,0.0,0.5162730547265574,72.0,0.0,0.0
robin_molperturbation,50,rnasmol,global_pos_nn,mrr,13,1.0,1.0,0.0,0.0,0.0,1.0,0.0,0.5162730547265574,72.0,0.0,0.0
robin_molperturbation,50,rnasmol,rf_ecfp,aupr,13,0.9838504852339992,0.9831174281718286,0.0007330570621706,-0.0020002786378278,0.4615384615384615,0.0,0.5384615384615384,0.5162730547265574,72.0,-0.0049679007930823,0.00678029662678
robin_molperturbation,50,rnasmol,rf_ecfp,ef5,13,1.9628819539431488,1.9628819539431488,0.0,0.0,0.0,1.0,0.0,0.5162730547265574,72.0,0.0,0.0
robin_molperturbation,50,rnasmol,rf_ecfp,first_hit_rank,13,1.0,1.0,0.0,0.0,0.0,1.0,0.0,0.5162730547265574,72.0,0.0,0.0
robin_molperturbation,50,rnasmol,rf_ecfp,mrr,13,1.0,1.0,0.0,0.0,0.0,1.0,0.0,0.5162730547265574,72.0,0.0,0.0
robin_molperturbation,50,rnasmol,xgboost_ecfp,aupr,13,0.9838504852339992,0.9788003261750275,0.0050501590589713,0.0079525454032818,0.7692307692307693,0.0,0.2307692307692307,0.5162730547265574,72.0,-0.0021090278988247,0.0110742294910871
robin_molperturbation,50,rnasmol,xgboost_ecfp,ef5,13,1.9628819539431488,1.9628819539431488,0.0,0.0,0.0,1.0,0.0,0.5162730547265574,72.0,0.0,0.0
robin_molperturbation,50,rnasmol,xgboost_ecfp,first_hit_rank,13,1.0,1.0,0.0,0.0,0.0,1.0,0.0,0.5162730547265574,72.0,0.0,0.0
robin_molperturbation,50,rnasmol,xgboost_ecfp,mrr,13,1.0,1.0,0.0,0.0,0.0,1.0,0.0,0.5162730547265574,72.0,0.0,0.0
robin_netperturbation,20,rnasmol,global_knn25,aupr,27,0.6686664193684831,0.5852947247807372,0.083371694587746,0.0814052911052819,0.8518518518518519,0.0,0.1481481481481481,0.474330076667098,53.0,0.0483521844634418,0.1206425245734359
robin_netperturbation,20,rnasmol,global_knn25,ef5,27,1.832913344509439,1.3789148013375612,0.4539985431718777,0.4444444444444444,0.5185185185185185,0.2962962962962963,0.1851851851851851,0.474330076667098,53.0,0.1715271081920028,0.7745420271135398
robin_netperturbation,20,rnasmol,global_knn25,first_hit_rank,27,1.148148148148148,1.851851851851852,0.7037037037037037,0.0,0.2222222222222222,0.7037037037037037,0.074074074074074,0.474330076667098,53.0,0.037037037037037,1.8148148148148149
robin_netperturbation,20,rnasmol,global_knn25,mrr,27,0.925925925925926,0.8298059964726633,0.0961199294532628,0.0,0.2222222222222222,0.7037037037037037,0.074074074074074,0.474330076667098,53.0,-0.0185185185185185,0.2204585537918871
robin_netperturbation,20,rnasmol,global_pos_nn,aupr,27,0.6686664193684831,0.4728448959568248,0.1958215234116586,0.1765835529995842,1.0,0.0,0.0,0.474330076667098,53.0,0.1522365375096992,0.2420552242706881
robin_netperturbation,20,rnasmol,global_pos_nn,ef5,27,1.832913344509439,0.9964124779464888,0.8365008665629505,0.9437321937321936,0.7777777777777778,0.0,0.2222222222222222,0.474330076667098,53.0,0.5128513097758352,1.15622139120223
robin_netperturbation,20,rnasmol,global_pos_nn,first_hit_rank,27,1.148148148148148,2.273135646667284,1.1249874985191353,0.9333333333333332,0.8888888888888888,0.0,0.1111111111111111,0.474330076667098,53.0,0.811852849033257,1.4528247858460055
robin_netperturbation,20,rnasmol,global_pos_nn,mrr,27,0.925925925925926,0.4828637509393811,0.4430621749865447,0.4776119402985075,0.8888888888888888,0.0,0.1111111111111111,0.474330076667098,53.0,0.3507719745588133,0.529676071103094
robin_netperturbation,20,rnasmol,rf_ecfp,aupr,27,0.6686664193684831,0.5350251914295768,0.1336412279389065,0.1206419157538718,0.925925925925926,0.0,0.074074074074074,0.474330076667098,53.0,0.1014068401866833,0.1673743190578336
robin_netperturbation,20,rnasmol,rf_ecfp,ef5,27,1.832913344509439,0.8574489099942306,0.9754644345152086,0.9393939393939394,0.7037037037037037,0.1851851851851851,0.1111111111111111,0.474330076667098,53.0,0.6086051299774774,1.3663841849310083
robin_netperturbation,20,rnasmol,rf_ecfp,first_hit_rank,27,1.148148148148148,2.6666666666666665,1.5185185185185186,1.0,0.7037037037037037,0.2592592592592592,0.037037037037037,0.474330076667098,53.0,0.8888888888888888,2.2222222222222223
robin_netperturbation,20,rnasmol,rf_ecfp,mrr,27,0.925925925925926,0.5281893004115226,0.3977366255144033,0.5,0.7037037037037037,0.2592592592592592,0.037037037037037,0.474330076667098,53.0,0.2582304526748971,0.5242798353909466
robin_netperturbation,20,rnasmol,xgboost_ecfp,aupr,27,0.6686664193684831,0.5906105405867881,0.0780558787816952,0.0377253986036411,0.7777777777777778,0.0,0.2222222222222222,0.474330076667098,53.0,0.0371264883254269,0.1241879109140832
robin_netperturbation,20,rnasmol,xgboost_ecfp,ef5,27,1.832913344509439,1.342635204207828,0.4902781403016107,0.0,0.4074074074074074,0.4074074074074074,0.1851851851851851,0.474330076667098,53.0,0.1038312065168213,0.9393445621518391
robin_netperturbation,20,rnasmol,xgboost_ecfp,first_hit_rank,27,1.148148148148148,1.8148148148148149,0.6666666666666666,0.0,0.2592592592592592,0.6296296296296297,0.1111111111111111,0.474330076667098,53.0,0.074074074074074,1.4074074074074074
robin_netperturbation,20,rnasmol,xgboost_ecfp,mrr,27,0.925925925925926,0.8064814814814815,0.1194444444444444,0.0,0.2592592592592592,0.6296296296296297,0.1111111111111111,0.474330076667098,53.0,-0.0185185185185185,0.2638888888888889
robin_netperturbation,50,rnasmol,global_knn25,aupr,17,0.6986191598342701,0.6379241861210376,0.0606949737132324,0.0814052911052819,0.8823529411764706,0.0,0.1176470588235294,0.5515312508319132,60.0,0.0328132248964489,0.0881344145060574
robin_netperturbation,50,rnasmol,global_knn25,ef5,17,1.4940895324758996,1.2431968458373284,0.250892686638571,0.4444444444444444,0.5294117647058824,0.1764705882352941,0.2941176470588235,0.5515312508319132,60.0,-0.0022171449405674,0.5011769662550286
robin_netperturbation,50,rnasmol,global_knn25,first_hit_rank,17,1.1764705882352942,1.2941176470588236,0.1176470588235294,0.0,0.1764705882352941,0.7058823529411765,0.1176470588235294,0.5515312508319132,60.0,-0.1764705882352941,0.4705882352941176
robin_netperturbation,50,rnasmol,global_knn25,mrr,17,0.9117647058823528,0.892156862745098,0.0196078431372549,0.0,0.1764705882352941,0.7058823529411765,0.1176470588235294,0.5515312508319132,60.0,-0.1078431372549019,0.1470588235294117
robin_netperturbation,50,rnasmol,global_pos_nn,aupr,17,0.6986191598342701,0.5488854365166276,0.1497337233176426,0.1579594533570724,1.0,0.0,0.0,0.5515312508319132,60.0,0.1153801107443025,0.1868945722241345
robin_netperturbation,50,rnasmol,global_pos_nn,ef5,17,1.4940895324758996,0.9945546961087132,0.4995348363671865,0.6476190476190479,0.7058823529411765,0.0,0.2941176470588235,0.5515312508319132,60.0,0.1728756904729703,0.8300712675574518
robin_netperturbation,50,rnasmol,global_pos_nn,first_hit_rank,17,1.1764705882352942,1.866368177973008,0.689897589737714,0.7297297297297298,0.8235294117647058,0.0,0.1764705882352941,0.5515312508319132,60.0,0.3960004627964663,0.9677602652551216
robin_netperturbation,50,rnasmol,global_pos_nn,mrr,17,0.9117647058823528,0.5562693319194446,0.3554953739629082,0.421875,0.8235294117647058,0.0,0.1764705882352941,0.5515312508319132,60.0,0.2385730230191512,0.4578732718981312
robin_netperturbation,50,rnasmol,rf_ecfp,aupr,17,0.6986191598342701,0.5831908502015978,0.1154283096326722,0.1200628822458776,0.9411764705882352,0.0,0.0588235294117647,0.5515312508319132,60.0,0.0818510152059062,0.1488413253332902
robin_netperturbation,50,rnasmol,rf_ecfp,ef5,17,1.4940895324758996,0.7422537904914049,0.7518357419844947,0.8550724637681159,0.6470588235294118,0.1764705882352941,0.1764705882352941,0.5515312508319132,60.0,0.3414187179592819,1.1861897341048906
robin_netperturbation,50,rnasmol,rf_ecfp,first_hit_rank,17,1.1764705882352942,2.588235294117647,1.411764705882353,1.0,0.7647058823529411,0.2352941176470588,0.0,0.5515312508319132,60.0,0.8823529411764706,2.0
robin_netperturbation,50,rnasmol,rf_ecfp,mrr,17,0.9117647058823528,0.4823529411764705,0.4294117647058824,0.5,0.7647058823529411,0.2352941176470588,0.0,0.5515312508319132,60.0,0.2892156862745098,0.5676470588235294
robin_netperturbation,50,rnasmol,xgboost_ecfp,aupr,17,0.6986191598342701,0.6589116747052199,0.0397074851290502,0.0305357540878213,0.7058823529411765,0.0,0.2941176470588235,0.5515312508319132,60.0,0.0067219562556514,0.0731041139334085
robin_netperturbation,50,rnasmol,xgboost_ecfp,ef5,17,1.4940895324758996,1.3668427551918454,0.1272467772840539,0.0,0.4117647058823529,0.2941176470588235,0.2941176470588235,0.5515312508319132,60.0,-0.1600132718546095,0.4108346572953997
robin_netperturbation,50,rnasmol,xgboost_ecfp,first_hit_rank,17,1.1764705882352942,1.1764705882352942,0.0,0.0,0.1764705882352941,0.6470588235294118,0.1764705882352941,0.5515312508319132,60.0,-0.2941176470588235,0.2941176470588235
robin_netperturbation,50,rnasmol,xgboost_ecfp,mrr,17,0.9117647058823528,0.9117647058823528,0.0,0.0,0.1764705882352941,0.6470588235294118,0.1764705882352941,0.5515312508319132,60.0,-0.1470588235294117,0.1470588235294117
