dataset,threshold,baseline_model,metric,n_pools,improvement_mean,pearson_r,spearman_r,spearman_p,median_label_agreement_cutpoint,low_agreement_mean_improvement,high_agreement_mean_improvement,low_minus_high_mean_improvement,low_agreement_mean_positive_rate,high_agreement_mean_positive_rate
robin_molperturbation,20,global_knn25,aupr,27,0.0232707430307629,-0.1927733008454991,-0.3077862738901594,0.1183309660040139,0.8846153846153846,0.0299462956945524,0.0160816863159126,0.0138646093786398,0.5148160639072988,0.49457544039736
robin_molperturbation,20,global_knn25,ef5,27,0.0631063858107883,-0.0304362035398865,-0.0827937338654644,0.6813966048106507,0.8846153846153846,0.0738480297779489,0.0515384615384615,0.0223095682394873,0.5148160639072988,0.49457544039736
robin_molperturbation,20,global_knn25,first_hit_rank,27,0.037037037037037,0.2054995089220055,0.2266800907451891,0.2555352387349785,0.8846153846153846,0.0,0.0769230769230769,-0.0769230769230769,0.5148160639072988,0.49457544039736
robin_molperturbation,20,global_knn25,mrr,27,0.0185185185185185,0.2054995089220055,0.2266800907451891,0.2555352387349785,0.8846153846153846,0.0,0.0384615384615384,-0.0384615384615384,0.5148160639072988,0.49457544039736
robin_molperturbation,20,global_pos_nn,aupr,27,-0.0300403300168722,0.0650419576267276,0.1475034373586079,0.4628185545635321,0.8846153846153846,-0.0348007261824928,-0.0249137495308192,-0.0098869766516735,0.5148160639072988,0.49457544039736
robin_molperturbation,20,global_pos_nn,ef5,27,0.0,,,,0.8846153846153846,0.0,0.0,0.0,0.5148160639072988,0.49457544039736
robin_molperturbation,20,global_pos_nn,first_hit_rank,27,0.0,,,,0.8846153846153846,0.0,0.0,0.0,0.5148160639072988,0.49457544039736
robin_molperturbation,20,global_pos_nn,mrr,27,0.0,,,,0.8846153846153846,0.0,0.0,0.0,0.5148160639072988,0.49457544039736
robin_molperturbation,20,rf_ecfp,aupr,27,-0.0144850750264215,-0.1742562243402316,-0.3453962477279205,0.0776356427421991,0.8846153846153846,-0.0120600922160738,-0.0170965949760268,0.0050365027599529,0.5148160639072988,0.49457544039736
robin_molperturbation,20,rf_ecfp,ef5,27,0.0,,,,0.8846153846153846,0.0,0.0,0.0,0.5148160639072988,0.49457544039736
robin_molperturbation,20,rf_ecfp,first_hit_rank,27,0.0,,,,0.8846153846153846,0.0,0.0,0.0,0.5148160639072988,0.49457544039736
robin_molperturbation,20,rf_ecfp,mrr,27,0.0,,,,0.8846153846153846,0.0,0.0,0.0,0.5148160639072988,0.49457544039736
robin_molperturbation,20,xgboost_ecfp,aupr,27,-0.008385044115081,-0.2486579483497059,-0.3386259699843122,0.084031841999363,0.8846153846153846,-0.0048382240219823,-0.0122046965230335,0.0073664725010511,0.5148160639072988,0.49457544039736
robin_molperturbation,20,xgboost_ecfp,ef5,27,0.0,,,,0.8846153846153846,0.0,0.0,0.0,0.5148160639072988,0.49457544039736
robin_molperturbation,20,xgboost_ecfp,first_hit_rank,27,0.0,,,,0.8846153846153846,0.0,0.0,0.0,0.5148160639072988,0.49457544039736
robin_molperturbation,20,xgboost_ecfp,mrr,27,0.0,,,,0.8846153846153846,0.0,0.0,0.0,0.5148160639072988,0.49457544039736
robin_molperturbation,50,global_knn25,aupr,13,0.0519036422156498,0.0486119559754602,-0.2197802197802197,0.4706148514721425,0.8648648648648649,0.0560610889019601,0.0470532877482877,0.0090078011536724,0.526030687238367,0.5048891501294461
robin_molperturbation,50,global_knn25,ef5,13,0.1310671089916373,0.1329979821405147,0.029724376729896,0.9232078415890164,0.8648648648648649,0.1476960595558978,0.1116666666666667,0.036029392889231,0.526030687238367,0.5048891501294461
robin_molperturbation,50,global_knn25,first_hit_rank,13,0.0769230769230769,0.4532633463930218,0.4629100498862757,0.111172952769057,0.8648648648648649,0.0,0.1666666666666666,-0.1666666666666666,0.526030687238367,0.5048891501294461
robin_molperturbation,50,global_knn25,mrr,13,0.0384615384615384,0.4532633463930218,0.4629100498862757,0.111172952769057,0.8648648648648649,0.0,0.0833333333333333,-0.0833333333333333,0.526030687238367,0.5048891501294461
robin_molperturbation,50,global_pos_nn,aupr,13,-0.0155626283254497,0.1017505611524679,0.1208791208791208,0.6940473279966857,0.8648648648648649,-0.0140842464057827,-0.0172874072317279,0.0032031608259451,0.526030687238367,0.5048891501294461
robin_molperturbation,50,global_pos_nn,ef5,13,0.0,,,,0.8648648648648649,0.0,0.0,0.0,0.526030687238367,0.5048891501294461
robin_molperturbation,50,global_pos_nn,first_hit_rank,13,0.0,,,,0.8648648648648649,0.0,0.0,0.0,0.526030687238367,0.5048891501294461
robin_molperturbation,50,global_pos_nn,mrr,13,0.0,,,,0.8648648648648649,0.0,0.0,0.0,0.526030687238367,0.5048891501294461
robin_molperturbation,50,rf_ecfp,aupr,13,0.0007330570621706,-0.5550455819239937,-0.5659340659340659,0.0437925922354548,0.8648648648648649,0.0058049716108607,-0.0051841765779679,0.0109891481888286,0.526030687238367,0.5048891501294461
robin_molperturbation,50,rf_ecfp,ef5,13,0.0,,,,0.8648648648648649,0.0,0.0,0.0,0.526030687238367,0.5048891501294461
robin_molperturbation,50,rf_ecfp,first_hit_rank,13,0.0,,,,0.8648648648648649,0.0,0.0,0.0,0.526030687238367,0.5048891501294461
robin_molperturbation,50,rf_ecfp,mrr,13,0.0,,,,0.8648648648648649,0.0,0.0,0.0,0.526030687238367,0.5048891501294461
robin_molperturbation,50,xgboost_ecfp,aupr,13,0.0050501590589713,-0.4081218463618423,-0.5,0.0818642311656943,0.8648648648648649,0.0122995307984067,-0.0034074413037031,0.0157069721021098,0.526030687238367,0.5048891501294461
robin_molperturbation,50,xgboost_ecfp,ef5,13,0.0,,,,0.8648648648648649,0.0,0.0,0.0,0.526030687238367,0.5048891501294461
robin_molperturbation,50,xgboost_ecfp,first_hit_rank,13,0.0,,,,0.8648648648648649,0.0,0.0,0.0,0.526030687238367,0.5048891501294461
robin_molperturbation,50,xgboost_ecfp,mrr,13,0.0,,,,0.8648648648648649,0.0,0.0,0.0,0.526030687238367,0.5048891501294461
robin_netperturbation,20,global_knn25,aupr,27,0.083371694587746,-0.4160690816648825,-0.2814407814407815,0.1549842433327827,0.490566037735849,0.1094516829817187,0.0552855532403909,0.0541661297413277,0.3634209669430291,0.5937706563699411
robin_netperturbation,20,global_knn25,ef5,27,0.4539985431718777,-0.5842161882467662,-0.6883697418426237,7.21492331090057e-05,0.490566037735849,0.8417741697762401,0.0363940222133337,0.8053801475629063,0.3634209669430291,0.5937706563699411
robin_netperturbation,20,global_knn25,first_hit_rank,27,0.7037037037037037,-0.4604897729568264,-0.3369211375863388,0.0857038072642351,0.490566037735849,1.3571428571428572,0.0,1.3571428571428572,0.3634209669430291,0.5937706563699411
robin_netperturbation,20,global_knn25,mrr,27,0.0961199294532628,-0.4502808520496335,-0.3341927562564135,0.0884319128772335,0.490566037735849,0.2091836734693877,-0.0256410256410256,0.2348246991104134,0.3634209669430291,0.5937706563699411
robin_netperturbation,20,global_pos_nn,aupr,27,0.1958215234116586,-0.4499093399750039,-0.3461538461538461,0.0769437273868917,0.490566037735849,0.2468594975312268,0.1408575512828927,0.1060019462483341,0.3634209669430291,0.5937706563699411
robin_netperturbation,20,global_pos_nn,ef5,27,0.8365008665629505,-0.5907364098558556,-0.568986568986569,0.0019538319304383,0.490566037735849,1.3361129305356176,0.2984571053616168,1.037655825174001,0.3634209669430291,0.5937706563699411
robin_netperturbation,20,global_pos_nn,first_hit_rank,27,1.1249874985191353,-0.8693910152834382,-0.877899877899878,1.8004046643500103e-09,0.490566037735849,1.7414444540558058,0.461110777171952,1.2803336768838538,0.3634209669430291,0.5937706563699411
robin_netperturbation,20,global_pos_nn,mrr,27,0.4430621749865447,-0.6567157810263897,-0.7741147741147741,2.1651609399005403e-06,0.490566037735849,0.5886227062683967,0.2863046797599349,0.3023180265084618,0.3634209669430291,0.5937706563699411
robin_netperturbation,20,rf_ecfp,aupr,27,0.1336412279389065,-0.4006480511602532,-0.3235653235653235,0.0996875497944065,0.490566037735849,0.1544841483052687,0.1111950060059009,0.0432891422993678,0.3634209669430291,0.5937706563699411
robin_netperturbation,20,rf_ecfp,ef5,27,0.9754644345152086,-0.5563092138769725,-0.5860407139813055,0.0013175358069916,0.490566037735849,1.4400261730407748,0.4751671776415219,0.9648589953992528,0.3634209669430291,0.5937706563699411
robin_netperturbation,20,rf_ecfp,first_hit_rank,27,1.5185185185185186,-0.3901954904961588,-0.2299417573806729,0.2485747259058377,0.490566037735849,1.7857142857142858,1.2307692307692308,0.554945054945055,0.3634209669430291,0.5937706563699411
robin_netperturbation,20,rf_ecfp,mrr,27,0.3977366255144033,-0.2256916073787597,-0.2453787270263001,0.2173295875417553,0.490566037735849,0.4301587301587301,0.3628205128205129,0.0673382173382172,0.3634209669430291,0.5937706563699411
robin_netperturbation,20,xgboost_ecfp,aupr,27,0.0780558787816952,-0.4914134652765454,-0.3528693528693529,0.0710148261610854,0.490566037735849,0.1127172982656902,0.0407281962604698,0.0719891020052203,0.3634209669430291,0.5937706563699411
robin_netperturbation,20,xgboost_ecfp,ef5,27,0.4902781403016107,-0.637633603083461,-0.6017530809923068,0.0008986697281308,0.490566037735849,1.0343566045947,-0.0956525135524851,1.1300091181471852,0.3634209669430291,0.5937706563699411
robin_netperturbation,20,xgboost_ecfp,first_hit_rank,27,0.6666666666666666,-0.5667008618902994,-0.4760672953095239,0.0120682165039187,0.490566037735849,1.4285714285714286,-0.1538461538461538,1.5824175824175826,0.3634209669430291,0.5937706563699411
robin_netperturbation,20,xgboost_ecfp,mrr,27,0.1194444444444444,-0.555385289020227,-0.4760672953095239,0.0120682165039187,0.490566037735849,0.3017857142857142,-0.0769230769230769,0.3787087912087912,0.3634209669430291,0.5937706563699411
robin_netperturbation,50,global_knn25,aupr,17,0.0606949737132324,-0.0560372398170131,0.0490196078431372,0.8517943990009383,0.55,0.056017434601015,0.065957205214477,-0.009939770613462,0.4836924488500003,0.627849903061565
robin_netperturbation,50,global_knn25,ef5,17,0.250892686638571,-0.704946276634441,-0.7837861495914026,0.0001969061317935,0.55,0.5546367157598134,-0.0908193461228266,0.6454560618826402,0.4836924488500003,0.627849903061565
robin_netperturbation,50,global_knn25,first_hit_rank,17,0.1176470588235294,-0.1230680269445248,-0.0868386003650967,0.740342898097451,0.55,0.2222222222222222,0.0,0.2222222222222222,0.4836924488500003,0.627849903061565
robin_netperturbation,50,global_knn25,mrr,17,0.0196078431372549,-0.1063237008152441,-0.0776242220493788,0.7671374703801496,0.55,0.037037037037037,0.0,0.037037037037037,0.4836924488500003,0.627849903061565
robin_netperturbation,50,global_pos_nn,aupr,17,0.1497337233176426,-0.4221666278322567,-0.1936274509803922,0.4564969285487544,0.55,0.1570582709012208,0.1414936072861171,0.0155646636151037,0.4836924488500003,0.627849903061565
robin_netperturbation,50,global_pos_nn,ef5,17,0.4995348363671865,-0.638590117092154,-0.5539215686274511,0.0210498248670677,0.55,0.7211942527034532,0.2501679929888863,0.4710262597145668,0.4836924488500003,0.627849903061565
robin_netperturbation,50,global_pos_nn,first_hit_rank,17,0.689897589737714,-0.7070960261189494,-0.6887254901960785,0.0022327017176758,0.55,0.8773840316603474,0.4789753425747516,0.3984086890855957,0.4836924488500003,0.627849903061565
robin_netperturbation,50,global_pos_nn,mrr,17,0.3554953739629082,-0.5433791572195628,-0.6887254901960785,0.0022327017176758,0.55,0.3981446299681938,0.307514960956962,0.0906296690112317,0.4836924488500003,0.627849903061565
robin_netperturbation,50,rf_ecfp,aupr,17,0.1154283096326722,-0.2128235171341271,-0.1764705882352941,0.4980676573237341,0.55,0.1177611748923213,0.1128038362155671,0.0049573386767541,0.4836924488500003,0.627849903061565
robin_netperturbation,50,rf_ecfp,ef5,17,0.7518357419844947,-0.7177408582604541,-0.7395599718715115,0.0006910964701984,0.55,1.2066630408085497,0.2401550308074326,0.9665080100011172,0.4836924488500003,0.627849903061565
robin_netperturbation,50,rf_ecfp,first_hit_rank,17,1.411764705882353,-0.4244077635273116,-0.5219031839685715,0.0316446579248132,0.55,1.8888888888888888,0.875,1.0138888888888888,0.4836924488500003,0.627849903061565
robin_netperturbation,50,rf_ecfp,mrr,17,0.4294117647058824,-0.5015108403277787,-0.5213542812854286,0.0318563614329297,0.55,0.5425925925925926,0.3020833333333333,0.2405092592592592,0.4836924488500003,0.627849903061565
robin_netperturbation,50,xgboost_ecfp,aupr,17,0.0397074851290502,0.0316346495869687,0.0784313725490196,0.7647798831352097,0.55,0.0241530253205649,0.0572062524135962,-0.0330532270930312,0.4836924488500003,0.627849903061565
robin_netperturbation,50,xgboost_ecfp,ef5,17,0.1272467772840539,-0.544444582998126,-0.5955793399889697,0.0116482991303439,0.55,0.3155634914292178,-0.0846095261292555,0.4001730175584733,0.4836924488500003,0.627849903061565
robin_netperturbation,50,xgboost_ecfp,first_hit_rank,17,0.0,-0.1549475291771203,-0.1819017187772497,0.4847166429489901,0.55,0.0,0.0,0.0,0.4836924488500003,0.627849903061565
robin_netperturbation,50,xgboost_ecfp,mrr,17,0.0,-0.1549475291771203,-0.1819017187772497,0.4847166429489901,0.55,0.0,0.0,0.0,0.4836924488500003,0.627849903061565
