dataset,threshold,target_display,target_name,target_id,sequence_length,n_candidates,n_positive,n_negative,positive_rate,eligible_ge20,eligible_ge50,mean_nearest_train_tanimoto,nearest_train_label_agreement,novel_scaffold_fraction,unique_scaffolds,rnasmol_aupr,rnasmol_ef5,rnasmol_first_hit_rank,delta_aupr_vs_global_knn25,delta_aupr_vs_global_pos_nn,delta_aupr_vs_xgboost_ecfp,delta_ef5_vs_global_knn25,delta_ef5_vs_global_pos_nn,delta_ef5_vs_xgboost_ecfp,delta_first_hit_rank_vs_global_knn25,delta_first_hit_rank_vs_global_pos_nn,delta_first_hit_rank_vs_xgboost_ecfp,target_descriptor_status,family_metadata_status,candidate_pool_id
robin_molperturbation,20,AKTIP,AKTIP,rna_d3c30f76ca934083,19,102,56,46,0.5490196078431373,True,True,0.7958790234053147,0.8725490196078431,0.3823529411764705,100,0.9852122450943188,1.8214285714285712,1.0,0.0069653711571552,-0.0147877549056811,-0.0049517312757128,0.0,0.0,0.0,0.0,0.0,0.0,ROBIN target name matched by exact normalized sequence,No reliable family label available in the paper-facing artifacts,robin_molperturbation:test:rna_d3c30f76ca934083
robin_molperturbation,20,BCL_XL,BCL_XL,rna_86c61812ed1b5149,23,45,27,18,0.6,True,False,0.8095378108117753,0.8888888888888888,0.3111111111111111,43,0.9673013420219176,1.6666666666666667,1.0,-0.0174141167429053,-0.0326986579780823,-0.0222611641186879,0.0,0.0,0.0,0.0,0.0,0.0,ROBIN target name matched by exact normalized sequence,No reliable family label available in the paper-facing artifacts,robin_molperturbation:test:rna_86c61812ed1b5149
robin_molperturbation,20,BCL_XL_SS,BCL_XL_SS,rna_07781cdfaafabdbb,69,72,39,33,0.5416666666666666,True,True,0.802500490959765,0.9305555555555556,0.3472222222222222,72,0.994924561034959,1.8461538461538465,1.0,0.0144462641792157,-0.005075438965041,0.0101140735994049,0.0,0.0,0.0,0.0,0.0,0.0,ROBIN target name matched by exact normalized sequence,No reliable family label available in the paper-facing artifacts,robin_molperturbation:test:rna_07781cdfaafabdbb
robin_molperturbation,20,ENE_A9,ENE_A9,rna_5dd29c762681eadb,49,42,25,17,0.5952380952380952,True,False,0.8254845761039753,0.7619047619047619,0.2619047619047619,42,0.9774127948432731,1.68,1.0,0.0134851806150581,-0.0225872051567268,-0.0100005888744584,0.0,0.0,0.0,0.0,0.0,0.0,ROBIN target name matched by exact normalized sequence,No reliable family label available in the paper-facing artifacts,robin_molperturbation:test:rna_5dd29c762681eadb
robin_molperturbation,20,EWSR1,EWSR1,rna_2cc280257d743e66,19,113,55,58,0.4867256637168141,True,True,0.7634102144375552,0.8053097345132744,0.415929203539823,108,0.9839475263180106,2.0545454545454547,1.0,0.0805922784214134,-0.0108576684871841,0.0187862366603526,0.0,0.0,0.0,0.0,0.0,0.0,ROBIN target name matched by exact normalized sequence,No reliable family label available in the paper-facing artifacts,robin_molperturbation:test:rna_2cc280257d743e66
robin_molperturbation,20,FGFR,FGFR,rna_99b3ba323043d462,55,39,18,21,0.4615384615384615,True,False,0.725924863841649,0.8205128205128205,0.4615384615384615,37,0.9282578104775464,2.1666666666666665,1.0,0.1064184102454731,-0.0392746570549211,-0.0102444929847675,0.0,0.0,0.0,0.0,0.0,0.0,ROBIN target name matched by exact normalized sequence,No reliable family label available in the paper-facing artifacts,robin_molperturbation:test:rna_99b3ba323043d462
robin_molperturbation,20,Glutamine_RS,Glutamine_RS,rna_8689ab4fcf0fe4c2,61,31,17,14,0.5483870967741935,True,False,0.8071846288943071,0.9032258064516128,0.3225806451612903,26,0.9903478419231472,1.823529411764706,1.0,0.0639020823853911,-0.0096521580768528,0.0126105705440071,0.0,0.0,0.0,0.0,0.0,0.0,ROBIN target name matched by exact normalized sequence,No reliable family label available in the paper-facing artifacts,robin_molperturbation:test:rna_8689ab4fcf0fe4c2
robin_molperturbation,20,HBV,HBV,rna_239878fd4792cefe,61,22,7,15,0.3181818181818182,True,False,0.6606554947086777,0.9545454545454546,0.5,22,0.9129251700680272,3.142857142857143,1.0,-0.0870748299319725,-0.0870748299319728,-0.0870748299319725,0.0,0.0,0.0,0.0,0.0,0.0,ROBIN target name matched by exact normalized sequence,No reliable family label available in the paper-facing artifacts,robin_molperturbation:test:rna_239878fd4792cefe
robin_molperturbation,20,HIV_SL3,HIV_SL3,rna_83456da1d3ab4053,18,73,44,29,0.6027397260273972,True,True,0.8137379415458805,0.7534246575342466,0.3150684931506849,72,0.9841082621199508,1.6590909090909092,1.0,0.0395893557805442,-0.0158917378800491,0.0161897356367792,0.0,0.0,0.0,0.0,0.0,0.0,ROBIN target name matched by exact normalized sequence,No reliable family label available in the paper-facing artifacts,robin_molperturbation:test:rna_83456da1d3ab4053
robin_molperturbation,20,KLF6_mut,KLF6_mut,rna_f0677bce3e3780a1,20,35,11,24,0.3142857142857143,True,False,0.6390362983356697,0.8285714285714286,0.5428571428571428,35,0.8126746990383356,3.181818181818182,1.0,-0.110073794298393,-0.1873253009616644,-0.1073931119385662,0.0,0.0,0.0,0.0,0.0,0.0,ROBIN target name matched by exact normalized sequence,No reliable family label available in the paper-facing artifacts,robin_molperturbation:test:rna_f0677bce3e3780a1
robin_molperturbation,20,KLF6_wt,KLF6_wt,rna_7143fb00ad1323b7,20,31,14,17,0.4516129032258064,True,False,0.7722209244512206,0.967741935483871,0.3870967741935484,31,0.9760531135531134,2.2142857142857144,1.0,-0.0239468864468865,-0.0239468864468865,-0.0239468864468863,0.0,0.0,0.0,0.0,0.0,0.0,ROBIN target name matched by exact normalized sequence,No reliable family label available in the paper-facing artifacts,robin_molperturbation:test:rna_7143fb00ad1323b7
robin_molperturbation,20,MALAT1,MALAT1,rna_a41b980a3153c45d,59,58,28,30,0.4827586206896552,True,True,0.7847086453440064,0.8448275862068966,0.396551724137931,55,1.0,2.071428571428571,1.0,0.1159887743007394,0.0,0.0202444923257731,0.6904761904761905,0.0,0.0,0.0,0.0,0.0,ROBIN target name matched by exact normalized sequence,No reliable family label available in the paper-facing artifacts,robin_molperturbation:test:rna_a41b980a3153c45d
robin_molperturbation,20,NRAS,NRAS,rna_7a8bacf3c544e2c9,21,49,20,29,0.4081632653061224,True,False,0.7361524622646837,0.9591836734693876,0.4489795918367347,46,0.9643081020286902,2.45,1.0,-0.0231918979713098,-0.0356918979713097,-0.0356918979713097,0.0,0.0,0.0,0.0,0.0,0.0,ROBIN target name matched by exact normalized sequence,No reliable family label available in the paper-facing artifacts,robin_molperturbation:test:rna_7a8bacf3c544e2c9
robin_molperturbation,20,PreQ1,PreQ1,rna_bc1e28bfbeb66718,34,82,40,42,0.4878048780487805,True,True,0.7577948072382362,0.8414634146341463,0.3536585365853658,79,0.985708768496866,2.0500000000000003,1.0,0.0313648646353583,-0.014291231503134,0.0013472028331025,0.0,0.0,0.0,0.0,0.0,0.0,ROBIN target name matched by exact normalized sequence,No reliable family label available in the paper-facing artifacts,robin_molperturbation:test:rna_bc1e28bfbeb66718
robin_molperturbation,20,Pre_miR_17,Pre_miR_17,rna_de0ce5d99a384c4c,59,38,18,20,0.4736842105263157,True,False,0.7679077387250564,0.9210526315789472,0.3947368421052631,38,0.9239837480886076,2.111111111111111,1.0,0.0005601158263024,-0.0760162519113923,-0.0137309952527343,0.0,0.0,0.0,0.0,0.0,0.0,ROBIN target name matched by exact normalized sequence,No reliable family label available in the paper-facing artifacts,robin_molperturbation:test:rna_de0ce5d99a384c4c
robin_molperturbation,20,Pre_miR_21,Pre_miR_21,rna_8c9e413988882c4b,29,30,17,13,0.5666666666666667,True,False,0.8053357799149797,0.8,0.3333333333333333,30,0.9677078726227332,1.7647058823529411,1.0,0.0128922848737087,-0.0322921273772668,0.0490897500686243,0.0,0.0,0.0,0.0,0.0,0.0,ROBIN target name matched by exact normalized sequence,No reliable family label available in the paper-facing artifacts,robin_molperturbation:test:rna_8c9e413988882c4b
robin_molperturbation,20,Pre_miR_31,Pre_miR_31,rna_84abe72f1092063a,59,38,21,17,0.5526315789473685,True,False,0.7978542798288144,0.9210526315789472,0.2894736842105263,38,0.9917800453514742,1.809523809523809,1.0,0.0065459623509158,-0.0082199546485257,-0.0082199546485259,0.0,0.0,0.0,0.0,0.0,0.0,ROBIN target name matched by exact normalized sequence,No reliable family label available in the paper-facing artifacts,robin_molperturbation:test:rna_84abe72f1092063a
robin_molperturbation,20,Pro_mut,Pro_mut,rna_6f6146c8a48b843d,34,28,17,11,0.6071428571428571,True,False,0.8336332266160732,0.9285714285714286,0.2857142857142857,26,1.0,1.647058823529412,1.0,0.0088235294117647,0.0,0.0032679738562092,0.0,0.0,0.0,0.0,0.0,0.0,ROBIN target name matched by exact normalized sequence,No reliable family label available in the paper-facing artifacts,robin_molperturbation:test:rna_6f6146c8a48b843d
robin_molperturbation,20,Pro_wt,Pro_wt,rna_2f0b8931af462753,34,26,14,12,0.5384615384615384,True,False,0.7920420111586229,0.8461538461538461,0.4230769230769231,26,0.9460051852908996,1.8571428571428568,1.0,-0.0261904761904762,-0.0539948147091003,-0.0441308691308691,0.0,0.0,0.0,0.0,0.0,0.0,ROBIN target name matched by exact normalized sequence,No reliable family label available in the paper-facing artifacts,robin_molperturbation:test:rna_2f0b8931af462753
robin_molperturbation,20,RRE2B,RRE2B,rna_f7cefbee79dea70d,31,66,35,31,0.5303030303030303,True,True,0.788145174401685,0.8939393939393939,0.3787878787878788,65,0.9855371417180094,1.885714285714286,1.0,0.0269791574834634,-0.0144628582819905,0.0040889315902558,0.0,0.0,0.0,0.0,0.0,0.0,ROBIN target name matched by exact normalized sequence,No reliable family label available in the paper-facing artifacts,robin_molperturbation:test:rna_f7cefbee79dea70d
robin_molperturbation,20,RRE2B_MeA,RRE2B_MeA,rna_d871af35cfa0984d,29,91,53,38,0.5824175824175825,True,True,0.8087020967055636,0.7692307692307693,0.2857142857142857,89,0.9929213988640806,1.7169811320754715,1.0,0.1009876446309471,-0.0063731965501303,0.0079525454032818,0.3433962264150942,0.0,0.0,0.0,0.0,0.0,ROBIN target name matched by exact normalized sequence,No reliable family label available in the paper-facing artifacts,robin_molperturbation:test:rna_d871af35cfa0984d
robin_molperturbation,20,SAM_ll,SAM_ll,rna_73ecb919850b75e8,52,71,38,33,0.5352112676056338,True,True,0.7801330173981369,0.8873239436619719,0.380281690140845,71,0.9782517016985676,1.8684210526315792,1.0,0.0202117016358823,-0.0217482983014324,-0.009467094651645,0.0,0.0,0.0,0.0,0.0,0.0,ROBIN target name matched by exact normalized sequence,No reliable family label available in the paper-facing artifacts,robin_molperturbation:test:rna_73ecb919850b75e8
robin_molperturbation,20,TERRA,TERRA,rna_1fab30497d02c6fe,10,47,23,24,0.4893617021276595,True,False,0.790520764831493,0.9787234042553192,0.4042553191489361,47,0.9999999999999998,2.0434782608695654,1.0,0.0288271489004805,-2.220446049250313e-16,0.0056782379561205,0.0,0.0,0.0,0.0,0.0,0.0,ROBIN target name matched by exact normalized sequence,No reliable family label available in the paper-facing artifacts,robin_molperturbation:test:rna_1fab30497d02c6fe
robin_molperturbation,20,TPP,TPP,rna_180b1a8aa104ac5a,84,67,25,42,0.373134328358209,True,True,0.7079220691588056,0.9402985074626866,0.5223880597014925,66,0.9907084886128366,2.68,1.0,0.190393691026522,-0.0092915113871634,0.0059719806763285,0.6700000000000004,0.0,0.0,1.0,0.0,0.0,ROBIN target name matched by exact normalized sequence,No reliable family label available in the paper-facing artifacts,robin_molperturbation:test:rna_180b1a8aa104ac5a
robin_molperturbation,20,ZTP,ZTP,rna_8e92faf24e315f37,79,70,34,36,0.4857142857142857,True,True,0.805113306932857,0.8,0.3142857142857143,68,0.957918274360717,2.058823529411765,1.0,0.0202815848437417,-0.042081725639283,0.0113925083566062,0.0,0.0,0.0,0.0,0.0,0.0,ROBIN target name matched by exact normalized sequence,No reliable family label available in the paper-facing artifacts,robin_molperturbation:test:rna_8e92faf24e315f37
robin_molperturbation,20,Zika3PrimeUTR,Zika3PrimeUTR,rna_d8555b5bcad84880,20,74,41,33,0.5540540540540541,True,True,0.8015936114749309,0.8648648648648649,0.3648648648648648,74,0.98917652127273,1.804878048780488,1.0,0.0036231197009768,-0.0090941647806987,0.0101839943729512,0.0,0.0,0.0,0.0,0.0,0.0,ROBIN target name matched by exact normalized sequence,No reliable family label available in the paper-facing artifacts,robin_molperturbation:test:rna_d8555b5bcad84880
robin_molperturbation,20,Zika_NS5,Zika_NS5,rna_e634b903afc79720,31,52,26,26,0.5,True,True,0.7878511961420637,0.8846153846153846,0.3653846153846153,51,0.961641418450941,2.0,1.0,0.0233235410074875,-0.038358581549059,-0.0262008077608502,0.0,0.0,0.0,0.0,0.0,0.0,ROBIN target name matched by exact normalized sequence,No reliable family label available in the paper-facing artifacts,robin_molperturbation:test:rna_e634b903afc79720
robin_molperturbation,50,AKTIP,AKTIP,rna_d3c30f76ca934083,19,102,56,46,0.5490196078431373,True,True,0.7958790234053147,0.8725490196078431,0.3823529411764705,100,0.9852122450943188,1.8214285714285712,1.0,0.0069653711571552,-0.0147877549056811,-0.0049517312757128,0.0,0.0,0.0,0.0,0.0,0.0,ROBIN target name matched by exact normalized sequence,No reliable family label available in the paper-facing artifacts,robin_molperturbation:test:rna_d3c30f76ca934083
robin_molperturbation,50,BCL_XL_SS,BCL_XL_SS,rna_07781cdfaafabdbb,69,72,39,33,0.5416666666666666,True,True,0.802500490959765,0.9305555555555556,0.3472222222222222,72,0.994924561034959,1.8461538461538465,1.0,0.0144462641792157,-0.005075438965041,0.0101140735994049,0.0,0.0,0.0,0.0,0.0,0.0,ROBIN target name matched by exact normalized sequence,No reliable family label available in the paper-facing artifacts,robin_molperturbation:test:rna_07781cdfaafabdbb
robin_molperturbation,50,EWSR1,EWSR1,rna_2cc280257d743e66,19,113,55,58,0.4867256637168141,True,True,0.7634102144375552,0.8053097345132744,0.415929203539823,108,0.9839475263180106,2.0545454545454547,1.0,0.0805922784214134,-0.0108576684871841,0.0187862366603526,0.0,0.0,0.0,0.0,0.0,0.0,ROBIN target name matched by exact normalized sequence,No reliable family label available in the paper-facing artifacts,robin_molperturbation:test:rna_2cc280257d743e66
robin_molperturbation,50,HIV_SL3,HIV_SL3,rna_83456da1d3ab4053,18,73,44,29,0.6027397260273972,True,True,0.8137379415458805,0.7534246575342466,0.3150684931506849,72,0.9841082621199508,1.6590909090909092,1.0,0.0395893557805442,-0.0158917378800491,0.0161897356367792,0.0,0.0,0.0,0.0,0.0,0.0,ROBIN target name matched by exact normalized sequence,No reliable family label available in the paper-facing artifacts,robin_molperturbation:test:rna_83456da1d3ab4053
robin_molperturbation,50,MALAT1,MALAT1,rna_a41b980a3153c45d,59,58,28,30,0.4827586206896552,True,True,0.7847086453440064,0.8448275862068966,0.396551724137931,55,1.0,2.071428571428571,1.0,0.1159887743007394,0.0,0.0202444923257731,0.6904761904761905,0.0,0.0,0.0,0.0,0.0,ROBIN target name matched by exact normalized sequence,No reliable family label available in the paper-facing artifacts,robin_molperturbation:test:rna_a41b980a3153c45d
robin_molperturbation,50,PreQ1,PreQ1,rna_bc1e28bfbeb66718,34,82,40,42,0.4878048780487805,True,True,0.7577948072382362,0.8414634146341463,0.3536585365853658,79,0.985708768496866,2.0500000000000003,1.0,0.0313648646353583,-0.014291231503134,0.0013472028331025,0.0,0.0,0.0,0.0,0.0,0.0,ROBIN target name matched by exact normalized sequence,No reliable family label available in the paper-facing artifacts,robin_molperturbation:test:rna_bc1e28bfbeb66718
robin_molperturbation,50,RRE2B,RRE2B,rna_f7cefbee79dea70d,31,66,35,31,0.5303030303030303,True,True,0.788145174401685,0.8939393939393939,0.3787878787878788,65,0.9855371417180094,1.885714285714286,1.0,0.0269791574834634,-0.0144628582819905,0.0040889315902558,0.0,0.0,0.0,0.0,0.0,0.0,ROBIN target name matched by exact normalized sequence,No reliable family label available in the paper-facing artifacts,robin_molperturbation:test:rna_f7cefbee79dea70d
robin_molperturbation,50,RRE2B_MeA,RRE2B_MeA,rna_d871af35cfa0984d,29,91,53,38,0.5824175824175825,True,True,0.8087020967055636,0.7692307692307693,0.2857142857142857,89,0.9929213988640806,1.7169811320754715,1.0,0.1009876446309471,-0.0063731965501303,0.0079525454032818,0.3433962264150942,0.0,0.0,0.0,0.0,0.0,ROBIN target name matched by exact normalized sequence,No reliable family label available in the paper-facing artifacts,robin_molperturbation:test:rna_d871af35cfa0984d
robin_molperturbation,50,SAM_ll,SAM_ll,rna_73ecb919850b75e8,52,71,38,33,0.5352112676056338,True,True,0.7801330173981369,0.8873239436619719,0.380281690140845,71,0.9782517016985676,1.8684210526315792,1.0,0.0202117016358823,-0.0217482983014324,-0.009467094651645,0.0,0.0,0.0,0.0,0.0,0.0,ROBIN target name matched by exact normalized sequence,No reliable family label available in the paper-facing artifacts,robin_molperturbation:test:rna_73ecb919850b75e8
robin_molperturbation,50,TPP,TPP,rna_180b1a8aa104ac5a,84,67,25,42,0.373134328358209,True,True,0.7079220691588056,0.9402985074626866,0.5223880597014925,66,0.9907084886128366,2.68,1.0,0.190393691026522,-0.0092915113871634,0.0059719806763285,0.6700000000000004,0.0,0.0,1.0,0.0,0.0,ROBIN target name matched by exact normalized sequence,No reliable family label available in the paper-facing artifacts,robin_molperturbation:test:rna_180b1a8aa104ac5a
robin_molperturbation,50,ZTP,ZTP,rna_8e92faf24e315f37,79,70,34,36,0.4857142857142857,True,True,0.805113306932857,0.8,0.3142857142857143,68,0.957918274360717,2.058823529411765,1.0,0.0202815848437417,-0.042081725639283,0.0113925083566062,0.0,0.0,0.0,0.0,0.0,0.0,ROBIN target name matched by exact normalized sequence,No reliable family label available in the paper-facing artifacts,robin_molperturbation:test:rna_8e92faf24e315f37
robin_molperturbation,50,Zika3PrimeUTR,Zika3PrimeUTR,rna_d8555b5bcad84880,20,74,41,33,0.5540540540540541,True,True,0.8015936114749309,0.8648648648648649,0.3648648648648648,74,0.98917652127273,1.804878048780488,1.0,0.0036231197009768,-0.0090941647806987,0.0101839943729512,0.0,0.0,0.0,0.0,0.0,0.0,ROBIN target name matched by exact normalized sequence,No reliable family label available in the paper-facing artifacts,robin_molperturbation:test:rna_d8555b5bcad84880
robin_molperturbation,50,Zika_NS5,Zika_NS5,rna_e634b903afc79720,31,52,26,26,0.5,True,True,0.7878511961420637,0.8846153846153846,0.3653846153846153,51,0.961641418450941,2.0,1.0,0.0233235410074875,-0.038358581549059,-0.0262008077608502,0.0,0.0,0.0,0.0,0.0,0.0,ROBIN target name matched by exact normalized sequence,No reliable family label available in the paper-facing artifacts,robin_molperturbation:test:rna_e634b903afc79720
robin_netperturbation,20,AKTIP,AKTIP,rna_dae4452b314f89ac,19,53,36,17,0.6792452830188679,True,True,1.0,0.6415094339622641,0.0,51,0.7937390394278265,0.9814814814814816,1.0,0.0009750767365029,0.1076597859234897,0.0305357540878213,-0.4907407407407407,-0.0288671023965139,-0.4907407407407407,0.0,0.4444444444444444,0.0,ROBIN target name matched by exact normalized sequence,No reliable family label available in the paper-facing artifacts,robin_netperturbation:test:rna_dae4452b314f89ac
robin_netperturbation,20,BCL_XL,BCL_XL,rna_5be77d865ace80e6,23,49,15,34,0.3061224489795918,True,False,1.0,0.3877551020408163,0.0,48,0.7326292217766872,3.2666666666666666,1.0,-0.0801406399405429,0.4201292217766872,-0.006147732686766,0.0,2.2458333333333336,0.0,0.0,2.0625,0.0,ROBIN target name matched by exact normalized sequence,No reliable family label available in the paper-facing artifacts,robin_netperturbation:test:rna_5be77d865ace80e6
robin_netperturbation,20,BCL_XL_SS,BCL_XL_SS,rna_21ad396591a85b9f,69,64,36,28,0.5625,True,True,1.0,0.640625,0.0,59,0.6962530217175513,1.7777777777777777,1.0,0.1072077000894786,0.1248244502889799,0.0180396920507452,0.4444444444444444,0.7619047619047619,0.4444444444444444,1.0,0.7297297297297298,0.0,ROBIN target name matched by exact normalized sequence,No reliable family label available in the paper-facing artifacts,robin_netperturbation:test:rna_21ad396591a85b9f
robin_netperturbation,20,ENE_A9,ENE_A9,rna_ed0bc6bd4e0f14d6,49,47,22,25,0.4680851063829787,True,False,1.0,0.3829787234042553,0.0,46,0.7678084219513222,2.136363636363636,1.0,0.2443120344482242,0.2997233155683435,0.1826659080309144,0.7121212121212117,1.1363636363636358,0.0,0.0,1.0869565217391304,0.0,ROBIN target name matched by exact normalized sequence,No reliable family label available in the paper-facing artifacts,robin_netperturbation:test:rna_ed0bc6bd4e0f14d6
robin_netperturbation,20,EWSR1,EWSR1,rna_2cc280257d743e66,19,91,61,30,0.6703296703296703,True,True,0.9967837041007772,0.6263736263736264,0.0,79,0.8506781082877295,1.4918032786885247,1.0,0.1567914374626551,0.1765835529995842,0.1371661544566281,0.5967213114754099,0.486093203168171,0.2983606557377047,0.0,0.4754098360655741,1.0,ROBIN target name matched by exact normalized sequence,No reliable family label available in the paper-facing artifacts,robin_netperturbation:test:rna_2cc280257d743e66
robin_netperturbation,20,FGFR,FGFR,rna_b97010d66094488e,55,50,26,24,0.52,True,True,1.0,0.56,0.0,48,0.7189132087252069,1.923076923076923,1.0,0.0147371290938532,0.2177515132777971,0.0002903762356745,0.0,0.9615384615384612,0.0,0.0,0.96,0.0,ROBIN target name matched by exact normalized sequence,No reliable family label available in the paper-facing artifacts,robin_netperturbation:test:rna_b97010d66094488e
robin_netperturbation,20,Glutamine_RS,Glutamine_RS,rna_143c697f804cc642,61,49,14,35,0.2857142857142857,True,False,1.0,0.3673469387755102,0.0,49,0.6010983410207013,2.333333333333333,2.0,0.1599791250321473,0.3094316743540345,0.0377253986036411,0.0,1.3124999999999991,0.0,0.0,1.2666666666666666,0.0,ROBIN target name matched by exact normalized sequence,No reliable family label available in the paper-facing artifacts,robin_netperturbation:test:rna_143c697f804cc642
robin_netperturbation,20,HBV,HBV,rna_657ad09d94fb7b50,61,42,9,33,0.2142857142857142,True,False,1.0,0.2142857142857142,0.0,41,0.680999066293184,3.111111111111111,1.0,0.3277900054817839,0.4667133520074698,0.45823075805865,1.5555555555555556,2.1111111111111107,3.111111111111111,2.0,3.3,4.0,ROBIN target name matched by exact normalized sequence,No reliable family label available in the paper-facing artifacts,robin_netperturbation:test:rna_657ad09d94fb7b50
robin_netperturbation,20,HIV_SL3,HIV_SL3,rna_b1a591cd49e6a6af,18,60,36,24,0.6,True,True,1.0,0.55,0.0,55,0.6766372476165559,0.5555555555555556,2.0,0.088203671806935,0.0832285847163675,-0.003097425275036,0.0,-0.4331450094161958,-1.1111111111111112,1.0,-0.3333333333333332,-1.0,ROBIN target name matched by exact normalized sequence,No reliable family label available in the paper-facing artifacts,robin_netperturbation:test:rna_b1a591cd49e6a6af
robin_netperturbation,20,KLF6_mut,KLF6_mut,rna_3e109217e8874ff0,20,39,20,19,0.5128205128205128,True,False,1.0,0.5641025641025641,0.0,38,0.7310167281588809,1.95,1.0,0.000116989782362,0.218196215338368,0.0229131285174053,0.0,0.95,0.0,0.0,0.9047619047619048,0.0,ROBIN target name matched by exact normalized sequence,No reliable family label available in the paper-facing artifacts,robin_netperturbation:test:rna_3e109217e8874ff0
robin_netperturbation,20,KLF6_wt,KLF6_wt,rna_01f292baec64f81f,20,46,19,27,0.4130434782608695,True,False,1.0,0.4782608695652174,0.0,45,0.758167041363224,2.421052631578948,1.0,0.0494835061602167,0.3359448191410017,0.0539474439942866,0.0,1.398830409356726,0.0,0.0,1.2999999999999998,0.0,ROBIN target name matched by exact normalized sequence,No reliable family label available in the paper-facing artifacts,robin_netperturbation:test:rna_01f292baec64f81f
robin_netperturbation,20,MALAT1,MALAT1,rna_07e38edffea93732,59,57,36,21,0.631578947368421,True,True,1.0,0.6491228070175439,0.0,51,0.8519143205714499,1.0555555555555556,1.0,0.1141977560634949,0.2203353732030288,0.0930243578427122,-0.5277777777777781,0.0555555555555555,-0.5277777777777781,0.0,0.5675675675675675,0.0,ROBIN target name matched by exact normalized sequence,No reliable family label available in the paper-facing artifacts,robin_netperturbation:test:rna_07e38edffea93732
robin_netperturbation,20,NRAS,NRAS,rna_5b8890d84d6098ad,21,59,23,36,0.3898305084745763,True,True,1.0,0.3898305084745763,0.0,52,0.587222716752715,1.7101449275362317,1.0,0.0606023899245996,0.1973922082781387,0.0284465056862913,0.8550724637681159,0.7101449275362317,0.0,0.0,1.5,0.0,ROBIN target name matched by exact normalized sequence,No reliable family label available in the paper-facing artifacts,robin_netperturbation:test:rna_5b8890d84d6098ad
robin_netperturbation,20,PreQ1,PreQ1,rna_0c8dbcc24fe6f73b,34,67,34,33,0.5074626865671642,True,True,1.0,0.5223880597014925,0.0,65,0.6731109685085875,1.9705882352941173,1.0,0.0821651661869046,0.1579594533570724,0.1297390053002163,0.9852941176470584,0.9554367201426022,0.9852941176470584,0.0,0.9142857142857144,0.0,ROBIN target name matched by exact normalized sequence,No reliable family label available in the paper-facing artifacts,robin_netperturbation:test:rna_0c8dbcc24fe6f73b
robin_netperturbation,20,Pre_miR_17,Pre_miR_17,rna_ec04b18ee899f2c6,59,49,18,31,0.3673469387755102,True,False,1.0,0.3469387755102041,0.0,49,0.3741733056534498,0.9074074074074072,1.0,-0.0033283041261384,0.0068263668779395,0.0039993589711742,0.0,-0.0925925925925927,0.0,0.0,1.6315789473684208,0.0,ROBIN target name matched by exact normalized sequence,No reliable family label available in the paper-facing artifacts,robin_netperturbation:test:rna_ec04b18ee899f2c6
robin_netperturbation,20,Pre_miR_21,Pre_miR_21,rna_7d584ce0d4abe1ad,29,47,14,33,0.2978723404255319,True,False,1.0,0.2765957446808511,0.0,46,0.4699502983172123,3.357142857142857,1.0,0.0553333068753845,0.1720779578916804,0.159455653872835,1.119047619047619,2.357142857142857,3.357142857142857,0.0,2.2,3.0,ROBIN target name matched by exact normalized sequence,No reliable family label available in the paper-facing artifacts,robin_netperturbation:test:rna_7d584ce0d4abe1ad
robin_netperturbation,20,Pre_miR_31,Pre_miR_31,rna_e07fb7ebab65a576,59,51,20,31,0.392156862745098,True,True,0.9942611190817788,0.392156862745098,0.0,50,0.5558236142296779,2.55,1.0,0.0938653089884509,0.1752157710924229,0.0345898587375766,0.8499999999999999,1.581,0.8499999999999999,0.0,1.5499999999999998,0.0,ROBIN target name matched by exact normalized sequence,No reliable family label available in the paper-facing artifacts,robin_netperturbation:test:rna_e07fb7ebab65a576
robin_netperturbation,20,Pro_mut,Pro_mut,rna_a2a9cd80c37132db,34,37,11,26,0.2972972972972973,True,False,1.0,0.3783783783783784,0.0,37,0.6710654477101846,3.363636363636364,1.0,0.2790461740258256,0.3737681504128873,0.3427194321246337,3.363636363636364,2.363636363636364,3.363636363636364,2.0,2.1666666666666665,7.0,ROBIN target name matched by exact normalized sequence,No reliable family label available in the paper-facing artifacts,robin_netperturbation:test:rna_a2a9cd80c37132db
robin_netperturbation,20,Pro_wt,Pro_wt,rna_e3318fe4cee807da,34,41,11,30,0.2682926829268293,True,False,1.0,0.2195121951219512,0.0,39,0.3905597335216104,1.2424242424242422,1.0,0.1866290030049303,0.1388967623464441,0.1769721304251416,1.2424242424242422,0.3106060606060604,1.2424242424242422,13.0,2.727272727272727,4.0,ROBIN target name matched by exact normalized sequence,No reliable family label available in the paper-facing artifacts,robin_netperturbation:test:rna_e3318fe4cee807da
robin_netperturbation,20,RRE2B,RRE2B,rna_3e8d2a5aee80f130,31,67,38,29,0.5671641791044776,True,True,1.0,0.5373134328358209,0.0,65,0.6196718839153129,0.4407894736842105,2.0,0.0185444558750392,0.0525077048108353,-0.0105879127788678,-0.4407894736842106,-0.5592105263157895,-0.4407894736842106,-1.0,-0.2564102564102564,-1.0,ROBIN target name matched by exact normalized sequence,No reliable family label available in the paper-facing artifacts,robin_netperturbation:test:rna_3e8d2a5aee80f130
robin_netperturbation,20,RRE2B_MeA,RRE2B_MeA,rna_00f4eaa0b42a53db,29,71,51,20,0.7183098591549296,True,True,1.0,0.5915492957746479,0.0,67,0.7268090047426846,0.696078431372549,1.0,-0.030879380984338,0.0164227886109982,-0.0370309314211444,-0.3480392156862744,-0.2925547030406366,0.0,0.0,0.3999999999999999,0.0,ROBIN target name matched by exact normalized sequence,No reliable family label available in the paper-facing artifacts,robin_netperturbation:test:rna_00f4eaa0b42a53db
robin_netperturbation,20,SAM_ll,SAM_ll,rna_38ccb28ff255ea50,52,69,43,26,0.6231884057971014,True,True,1.0,0.6376811594202898,0.0,67,0.6937556230821106,0.4011627906976744,2.0,0.0832226321488874,0.0759796957243119,0.0528416153278399,-0.4011627906976744,-0.5899452804377565,-0.4011627906976744,-1.0,-0.3953488372093023,-1.0,ROBIN target name matched by exact normalized sequence,No reliable family label available in the paper-facing artifacts,robin_netperturbation:test:rna_38ccb28ff255ea50
robin_netperturbation,20,TERRA,TERRA,rna_09126bfcc46b49d5,10,52,18,34,0.3461538461538461,True,True,1.0,0.3653846153846153,0.0,47,0.6955757202543369,2.888888888888889,1.0,0.1596737912361223,0.3494218741004908,0.123057747010032,0.9629629629629632,1.8888888888888888,0.9629629629629632,0.0,1.789473684210526,0.0,ROBIN target name matched by exact normalized sequence,No reliable family label available in the paper-facing artifacts,robin_netperturbation:test:rna_09126bfcc46b49d5
robin_netperturbation,20,TPP,TPP,rna_b62c0f7328247d6a,84,57,29,28,0.5087719298245614,True,True,1.0,0.5263157894736842,0.0,57,0.696079279990586,1.9655172413793105,1.0,0.0020242667580252,0.1873073501660246,-0.0671502636863797,0.6551724137931036,0.9655172413793104,0.0,0.0,0.9333333333333332,0.0,ROBIN target name matched by exact normalized sequence,No reliable family label available in the paper-facing artifacts,robin_netperturbation:test:rna_b62c0f7328247d6a
robin_netperturbation,20,ZTP,ZTP,rna_d66d6d51e3800e5d,79,62,33,29,0.532258064516129,True,True,1.0,0.4677419354838709,0.0,59,0.6163894279586373,1.4090909090909092,1.0,0.0486964717866457,0.0990101887126607,0.069577261175404,0.4696969696969697,0.4383838383838383,0.9393939393939394,2.0,0.90625,1.0,ROBIN target name matched by exact normalized sequence,No reliable family label available in the paper-facing artifacts,robin_netperturbation:test:rna_d66d6d51e3800e5d
robin_netperturbation,20,Zika3PrimeUTR,Zika3PrimeUTR,rna_491f2dc052224f47,20,68,42,26,0.6176470588235294,True,True,0.9963235294117648,0.5735294117647058,0.0,67,0.7932404592938799,1.619047619047619,1.0,0.0814052911052819,0.1923916982607465,0.162783000728493,0.0,0.6476190476190479,0.0,0.0,0.6499999999999999,0.0,ROBIN target name matched by exact normalized sequence,No reliable family label available in the paper-facing artifacts,robin_netperturbation:test:rna_491f2dc052224f47
robin_netperturbation,20,Zika_NS5,Zika_NS5,rna_0749d73f83f5152f,31,53,27,26,0.5094339622641509,True,True,1.0,0.490566037735849,0.0,52,0.6307120721077435,1.962962962962963,1.0,-0.0496186111535876,0.1114813028769742,-0.0871975482841519,0.654320987654321,0.9437321937321936,0.654320987654321,0.0,0.8928571428571428,1.0,ROBIN target name matched by exact normalized sequence,No reliable family label available in the paper-facing artifacts,robin_netperturbation:test:rna_0749d73f83f5152f
robin_netperturbation,50,AKTIP,AKTIP,rna_dae4452b314f89ac,19,53,36,17,0.6792452830188679,True,True,1.0,0.6415094339622641,0.0,51,0.7937390394278265,0.9814814814814816,1.0,0.0009750767365029,0.1076597859234897,0.0305357540878213,-0.4907407407407407,-0.0288671023965139,-0.4907407407407407,0.0,0.4444444444444444,0.0,ROBIN target name matched by exact normalized sequence,No reliable family label available in the paper-facing artifacts,robin_netperturbation:test:rna_dae4452b314f89ac
robin_netperturbation,50,BCL_XL_SS,BCL_XL_SS,rna_21ad396591a85b9f,69,64,36,28,0.5625,True,True,1.0,0.640625,0.0,59,0.6962530217175513,1.7777777777777777,1.0,0.1072077000894786,0.1248244502889799,0.0180396920507452,0.4444444444444444,0.7619047619047619,0.4444444444444444,1.0,0.7297297297297298,0.0,ROBIN target name matched by exact normalized sequence,No reliable family label available in the paper-facing artifacts,robin_netperturbation:test:rna_21ad396591a85b9f
robin_netperturbation,50,EWSR1,EWSR1,rna_2cc280257d743e66,19,91,61,30,0.6703296703296703,True,True,0.9967837041007772,0.6263736263736264,0.0,79,0.8506781082877295,1.4918032786885247,1.0,0.1567914374626551,0.1765835529995842,0.1371661544566281,0.5967213114754099,0.486093203168171,0.2983606557377047,0.0,0.4754098360655741,1.0,ROBIN target name matched by exact normalized sequence,No reliable family label available in the paper-facing artifacts,robin_netperturbation:test:rna_2cc280257d743e66
robin_netperturbation,50,FGFR,FGFR,rna_b97010d66094488e,55,50,26,24,0.52,True,True,1.0,0.56,0.0,48,0.7189132087252069,1.923076923076923,1.0,0.0147371290938532,0.2177515132777971,0.0002903762356745,0.0,0.9615384615384612,0.0,0.0,0.96,0.0,ROBIN target name matched by exact normalized sequence,No reliable family label available in the paper-facing artifacts,robin_netperturbation:test:rna_b97010d66094488e
robin_netperturbation,50,HIV_SL3,HIV_SL3,rna_b1a591cd49e6a6af,18,60,36,24,0.6,True,True,1.0,0.55,0.0,55,0.6766372476165559,0.5555555555555556,2.0,0.088203671806935,0.0832285847163675,-0.003097425275036,0.0,-0.4331450094161958,-1.1111111111111112,1.0,-0.3333333333333332,-1.0,ROBIN target name matched by exact normalized sequence,No reliable family label available in the paper-facing artifacts,robin_netperturbation:test:rna_b1a591cd49e6a6af
robin_netperturbation,50,MALAT1,MALAT1,rna_07e38edffea93732,59,57,36,21,0.631578947368421,True,True,1.0,0.6491228070175439,0.0,51,0.8519143205714499,1.0555555555555556,1.0,0.1141977560634949,0.2203353732030288,0.0930243578427122,-0.5277777777777781,0.0555555555555555,-0.5277777777777781,0.0,0.5675675675675675,0.0,ROBIN target name matched by exact normalized sequence,No reliable family label available in the paper-facing artifacts,robin_netperturbation:test:rna_07e38edffea93732
robin_netperturbation,50,NRAS,NRAS,rna_5b8890d84d6098ad,21,59,23,36,0.3898305084745763,True,True,1.0,0.3898305084745763,0.0,52,0.587222716752715,1.7101449275362317,1.0,0.0606023899245996,0.1973922082781387,0.0284465056862913,0.8550724637681159,0.7101449275362317,0.0,0.0,1.5,0.0,ROBIN target name matched by exact normalized sequence,No reliable family label available in the paper-facing artifacts,robin_netperturbation:test:rna_5b8890d84d6098ad
robin_netperturbation,50,PreQ1,PreQ1,rna_0c8dbcc24fe6f73b,34,67,34,33,0.5074626865671642,True,True,1.0,0.5223880597014925,0.0,65,0.6731109685085875,1.9705882352941173,1.0,0.0821651661869046,0.1579594533570724,0.1297390053002163,0.9852941176470584,0.9554367201426022,0.9852941176470584,0.0,0.9142857142857144,0.0,ROBIN target name matched by exact normalized sequence,No reliable family label available in the paper-facing artifacts,robin_netperturbation:test:rna_0c8dbcc24fe6f73b
robin_netperturbation,50,Pre_miR_31,Pre_miR_31,rna_e07fb7ebab65a576,59,51,20,31,0.392156862745098,True,True,0.9942611190817788,0.392156862745098,0.0,50,0.5558236142296779,2.55,1.0,0.0938653089884509,0.1752157710924229,0.0345898587375766,0.8499999999999999,1.581,0.8499999999999999,0.0,1.5499999999999998,0.0,ROBIN target name matched by exact normalized sequence,No reliable family label available in the paper-facing artifacts,robin_netperturbation:test:rna_e07fb7ebab65a576
robin_netperturbation,50,RRE2B,RRE2B,rna_3e8d2a5aee80f130,31,67,38,29,0.5671641791044776,True,True,1.0,0.5373134328358209,0.0,65,0.6196718839153129,0.4407894736842105,2.0,0.0185444558750392,0.0525077048108353,-0.0105879127788678,-0.4407894736842106,-0.5592105263157895,-0.4407894736842106,-1.0,-0.2564102564102564,-1.0,ROBIN target name matched by exact normalized sequence,No reliable family label available in the paper-facing artifacts,robin_netperturbation:test:rna_3e8d2a5aee80f130
robin_netperturbation,50,RRE2B_MeA,RRE2B_MeA,rna_00f4eaa0b42a53db,29,71,51,20,0.7183098591549296,True,True,1.0,0.5915492957746479,0.0,67,0.7268090047426846,0.696078431372549,1.0,-0.030879380984338,0.0164227886109982,-0.0370309314211444,-0.3480392156862744,-0.2925547030406366,0.0,0.0,0.3999999999999999,0.0,ROBIN target name matched by exact normalized sequence,No reliable family label available in the paper-facing artifacts,robin_netperturbation:test:rna_00f4eaa0b42a53db
robin_netperturbation,50,SAM_ll,SAM_ll,rna_38ccb28ff255ea50,52,69,43,26,0.6231884057971014,True,True,1.0,0.6376811594202898,0.0,67,0.6937556230821106,0.4011627906976744,2.0,0.0832226321488874,0.0759796957243119,0.0528416153278399,-0.4011627906976744,-0.5899452804377565,-0.4011627906976744,-1.0,-0.3953488372093023,-1.0,ROBIN target name matched by exact normalized sequence,No reliable family label available in the paper-facing artifacts,robin_netperturbation:test:rna_38ccb28ff255ea50
robin_netperturbation,50,TERRA,TERRA,rna_09126bfcc46b49d5,10,52,18,34,0.3461538461538461,True,True,1.0,0.3653846153846153,0.0,47,0.6955757202543369,2.888888888888889,1.0,0.1596737912361223,0.3494218741004908,0.123057747010032,0.9629629629629632,1.8888888888888888,0.9629629629629632,0.0,1.789473684210526,0.0,ROBIN target name matched by exact normalized sequence,No reliable family label available in the paper-facing artifacts,robin_netperturbation:test:rna_09126bfcc46b49d5
robin_netperturbation,50,TPP,TPP,rna_b62c0f7328247d6a,84,57,29,28,0.5087719298245614,True,True,1.0,0.5263157894736842,0.0,57,0.696079279990586,1.9655172413793105,1.0,0.0020242667580252,0.1873073501660246,-0.0671502636863797,0.6551724137931036,0.9655172413793104,0.0,0.0,0.9333333333333332,0.0,ROBIN target name matched by exact normalized sequence,No reliable family label available in the paper-facing artifacts,robin_netperturbation:test:rna_b62c0f7328247d6a
robin_netperturbation,50,ZTP,ZTP,rna_d66d6d51e3800e5d,79,62,33,29,0.532258064516129,True,True,1.0,0.4677419354838709,0.0,59,0.6163894279586373,1.4090909090909092,1.0,0.0486964717866457,0.0990101887126607,0.069577261175404,0.4696969696969697,0.4383838383838383,0.9393939393939394,2.0,0.90625,1.0,ROBIN target name matched by exact normalized sequence,No reliable family label available in the paper-facing artifacts,robin_netperturbation:test:rna_d66d6d51e3800e5d
robin_netperturbation,50,Zika3PrimeUTR,Zika3PrimeUTR,rna_491f2dc052224f47,20,68,42,26,0.6176470588235294,True,True,0.9963235294117648,0.5735294117647058,0.0,67,0.7932404592938799,1.619047619047619,1.0,0.0814052911052819,0.1923916982607465,0.162783000728493,0.0,0.6476190476190479,0.0,0.0,0.6499999999999999,0.0,ROBIN target name matched by exact normalized sequence,No reliable family label available in the paper-facing artifacts,robin_netperturbation:test:rna_491f2dc052224f47
robin_netperturbation,50,Zika_NS5,Zika_NS5,rna_0749d73f83f5152f,31,53,27,26,0.5094339622641509,True,True,1.0,0.490566037735849,0.0,52,0.6307120721077435,1.962962962962963,1.0,-0.0496186111535876,0.1114813028769742,-0.0871975482841519,0.654320987654321,0.9437321937321936,0.654320987654321,0.0,0.8928571428571428,1.0,ROBIN target name matched by exact normalized sequence,No reliable family label available in the paper-facing artifacts,robin_netperturbation:test:rna_0749d73f83f5152f
